database_AFLplusplus_AFLplusplus,15157,0
database_acidanthera_Lilu,104271,2
database_86Box_86Box,41376,559
database_acl-dev_acl,517371,0
database_adafruit_adafruit-beaglebone-io-python,4318,0
database_acassen_keepalived,67738,1
database_abishekvashok_cmatrix,748,0
database_abseil_abseil-cpp,164992,0
database_AcademySoftwareFoundation_MaterialX,380786,0
database_agronholm_cbor2,5026,0
database_agl_curve25519-donna,1236,0
database_2shou_TextGrocery,3939,0
database_abandonware_node-bluetooth-hci-socket,749,0
database_actor-framework_actor-framework,117204,0
database_4paradigm_OpenMLDB,256470,0
database_aircrack-ng_aircrack-ng,32,0
database_AirenSoft_OvenMediaEngine,148508,0
database_AcademySoftwareFoundation_openvdb,305136,0
database_adobe-type-tools_afdko,14221,0
database_akopytov_sysbench,111751,3
database_aircrack-ng_rtl8812au,356048,0
database_AdAway_AdAway,0,12
database_AGWA_git-crypt,3457,0
database_akheron_jansson,8655,0
database_albfan_miraclecast,21137,0
database_alibaba_MNN,1005353,31
database_aleaxit_gmpy,34680,0
database_Alinshans_MyTinySTL,17627,0
database_AlexeyAB_darknet,48393,0
database_alibaba_AliSQL,2374413,8
database_alandefreitas_matplotplusplus,48324,41
database_alibaba_ilogtail,97778,0
database_alanxz_rabbitmq-c,0,0
database_alibaba_tengine,249328,47
database_allinurl_goaccess,26409,2
database_alibaba_tsar,6661,3
database_aksnzhy_xlearn,64752,0
database_amhndu_SimpleNES,3382,0
database_AlexandreRouma_SDRPlusPlus,120060,0
database_amitdev_lru-dict,674,0
database_alecthomas_entityx,17012,0
database_ampl_gsl,460058,6
database_antirez_kilo,1146,0
database_analogdevicesinc_libiio,27564,1
database_ammarahm-ed_react-native-mmkv-storage,9244,0
database_antirez_linenoise,998,0
database_antirez_disque,51178,0
database_antirez_sds,1142,0
database_apache_brpc,201274,1
database_apache_guacamole-server,34851,128
database_apache_commons-daemon,0,0
database_apache_trafficserver,323990,273
database_apache_thrift,125152,0
database_ARM-software_arm-trusted-firmware,418355,0
database_arvidn_libtorrent,181691,0
database_assimp_assimp,350360,0
database_ARMmbed_mbed-os,5042930,0
database_astrorigin_pyswisseph,82660,0
database_aria2_aria2,124270,1
database_aseprite_aseprite,1205262,74
database_asb2m10_dexed,828847,7
database_asmjit_asmjit,82326,0
database_arrayfire_arrayfire,171707,0
database_ArthurSonzogni_FTXUI,24470,0
database_aristocratos_btop,27715,19
database_apitrace_apitrace,441294,2
database_audacity_audacity,472548,40
database_aubio_aubio,21739,1
database_async-profiler_async-profiler,15828,0
database_aws_s2n-tls,116844,8
database_avast_retdec,386784,0
database_axboe_fio,82027,0
database_Azure_azure-iot-sdk-c,2060879,0
database_Azure_azure-umqtt-c,364087,0
database_Axosoft_nsfw,2377,0
database_axboe_liburing,40862,0
database_b4winckler_macvim,332615,0
database_balloonwj_flamingo,168932,0
database_BeamMW_beam,1131394,3
database_Azure_azure-c-shared-utility,227303,0
database_baidu_Familia,2310,0
database_bblanchon_ArduinoJson,37830,0
database_balena-io-modules_drivelist,860,0
database_baskerville_bspwm,12294,0
database_badaix_snapcast,50238,0
database_beanstalkd_beanstalkd,7522,0
database_baidu_sofa-pbrpc,38176,0
database_bartobri_no-more-secrets,945,0
database_benhoyt_inih,808,0
database_bellard_quickjs,27920,2
database_Beep6581_RawTherapee,221285,0
database_bakwc_JamSpell,16361,0
database_Benjamin-Dobell_Heimdall,7090,0
database_biometrics_openbr,202727,0
database_BespokeSynth_BespokeSynth,1004609,7
database_Bitcoin-ABC_bitcoin-abc,226735,0
database_bitcoin-core_secp256k1,22193,0
database_blechschmidt_massdns,6179,0
database_bytecodealliance_wasm-micro-runtime,169288,1
database_brndnmtthws_conky,45254,0
database_brainflow-dev_brainflow,235214,0
database_bitcoin_bitcoin,230708,0
database_brandon-rhodes_pyephem,77575,0
database_bombela_backward-cpp,3759,0
database_bruderstein_nppPluginManager,48202,0
database_bpftrace_bpftrace,34090,0
database_bulletphysics_bullet3,681276,1
database_capnproto_capnproto,150931,2
database_blackmagic-debug_blackmagic,112700,0
database_bitdefender_bddisasm,42430,0
database_celery_librabbitmq,2323,0
database_boschmitt_tweedledum,298173,18
database_BYVoid_OpenCC,112755,0
database_catchorg_Catch2,51812,0
database_canboat_canboat,21826,0
database_casadi_casadi,185446,0
database_capstone-engine_capstone,173494,3
database_cesanta_mongoose,189,0
database_cboxdoerfer_fsearch,17040,0
database_CGAL_cgal-swig-bindings,9108,0
database_ChaiScript_ChaiScript,30513,0
database_citusdata_citus,0,8
database_Chia-Network_chiavdf,13957,0
database_cilium_proxy,12355,0
database_Chlumsky_msdfgen,40835,0
database_clibs_clib,20564,2
database_Chia-Network_bls-signatures,4168,0
database_clangen_musikcube,368056,4
database_cloudflare_golz4,1573,0
database_cisco_openh264,97868,105
database_cmderdev_cmder,644,0
database_cloudius-systems_osv,609072,22
database_cloudwu_coroutine,226,0
database_Cisco-Talos_clamav,27441,10
database_ckb-next_ckb-next,33420,9
database_civetweb_civetweb,8985,8
database_CloudCompare_CloudCompare,419892,4
database_cmusphinx_pocketsphinx,57858,0
database_cmus_cmus,39751,7
database_cnjinhao_nana,71600,0
database_CleverRaven_Cataclysm-DDA,573719,0
database_cnr-isti-vclab_meshlab,420120,13
database_cnr-isti-vclab_PyMeshLab,435924,37
database_cockpit-project_cockpit,71584,0
database_coleifer_pysqlite3,4950,0
database_collectd_collectd,479945,0
database_cvangysel_pytrec_eval,8944,0
database_coronalabs_corona,1832341,25
database_concurrencykit_ck,33036,0
database_csound_csound,218806,30
database_cuberite_cuberite,546920,70
database_cstack_db_tutorial,773,0
database_crawshaw_sqlite,2375,4
database_coreutils_coreutils,561377,8
database_curl_curl,167,3
database_cs50_libcs50,322,0
database_confluentinc_librdkafka,138753,4
database_coturn_coturn,0,0
database_conda_pycosat,7353,0
database_containers_conmon,3326,0
database_cosinekitty_astronomy,44027,0
database_dachev_node-cld,70662,0
database_Cyan4973_xxHash,9596,4
database_danielkrupinski_Osiris,8450,2
database_cvxgrp_scs,10033,0
database_cyberbotics_webots,422837,26
database_dainis_node-gcstats,177,0
database_danmar_cppcheck,234925,0
database_dannagle_PacketSender,10323,0
database_davidrmiller_biosim4,3277,47
database_DaveGamble_cJSON,10122,0
database_DmitryUlyanov_Multicore-TSNE,882,0
database_dialkforkaushik_DECAGT,97692,11
database_davidmoreno_onion,18092,0
database_dfranx_SHADERed,597306,4
database_diasurgical_devilutionX,118348,26
database_dcantrell_pyparted,7453,0
database_dmlc_decord,25672,0
database_davisking_dlib,413541,0
database_doitsujin_dxvk,279782,0
database_dgiese_dustcloud,10083,0
database_davatorium_rofi,0,0
database_dlundquist_sniproxy,5561,0
database_domoticz_domoticz,216551,0
database_doctest_doctest,14204,0
database_deepmodeling_deepmd-kit,67138,1
database_dmlc_treelite,8790,0
database_dmlc_xgboost,82991,0
database_doceme_py-spidev,1264,0
database_dotnet_diagnostics,242077,0
database_douban_greenify,812,0
database_douban_libmc,6083,0
database_dvarrazzo_py-setproctitle,934,0
database_dresden-elektronik_deconz-rest-plugin,94055,9
database_drogonframework_drogon,65072,0
database_DynamoRIO_dynamorio,678144,93
database_emcrisostomo_fswatch,4898,0
database_endless-sky_endless-sky,79396,0
database_ducha-aiki_pydegensac,19740,11
database_easysnmp_easysnmp,3718,0
database_eggert_tz,7658,0
database_edenhill_kcat,4023,3
database_duckdb_duckdb,801772,5
database_eclipse_mraa,3825,0
database_emscripten-core_emscripten,1057713,0
database_DynamoRIO_drmemory,842365,93
database_eclipse_mosquitto,52423,0
database_dunst-project_dunst,18405,0
database_eerimoq_bitstruct,2649,0
database_eclipse-threadx_threadx,2534,0
database_envoyproxy_envoy,824921,159
database_EmbeddedRPC_erpc,56463,0
database_embree_embree,197206,0
database_epfml_sent2vec,3576,0
database_ericniebler_range-v3,77060,0
database_erincatto_box2d,79281,0
database_ethereum_evmc,11184,0
database_espeak-ng_espeak-ng,45535,0
database_exaloop_codon,37733,78
database_EZLippi_Tinyhttpd,410,0
database_facebook_redex,288268,0
database_esnet_iperf,14291,0
database_facebookincubator_katran,20201,64
database_EtchedPixels_FUZIX,386775,0
database_Ettercap_ettercap,0,0
database_eteran_edb-debugger,59458,0
database_facebook_pyre2,906,0
database_esheldon_fitsio,121230,30
database_espruino_Espruino,650162,1
database_ethereum_serpent,4756,0
database_ethereum_ethash,16093,0
database_Esri_lerc,8918,0
database_facebook_hermes,428504,4
database_EZLippi_WebBench,393,0
database_facebook_yoga,59156,0
database_facebook_rocksdb,486668,0
database_facebookresearch_nle,315241,24
database_facebook_zstd,93166,15
database_facontidavide_PlotJuggler,109783,16
database_fairy-stockfish_Fairy-Stockfish,21923,0
database_FeralInteractive_gamemode,5287,0
database_Farama-Foundation_ViZDoom,393748,75
database_file_file,17975,0
database_FLIF-hub_FLIF,32774,0
database_flier_pyfasthash,141413,0
database_Farama-Foundation_Arcade-Learning-Environment,29623,16
database_flameshot-org_flameshot,27152,0
database_fancycode_pylzma,23565,0
database_fmtlib_fmt,47593,20
database_farbrausch_fr_public,760859,0
database_FFmpeg_FFmpeg,1293815,1447
database_fibjs_fibjs,2682634,88
database_fluent_fluent-bit,973883,21
database_fltk_fltk,261825,9
database_falcosecurity_falco,11567,1
database_fogleman_Craft,88545,3
database_fonttools_unicodedata2,16052,0
database_flatpak_flatpak,0,0
database_fontforge_fontforge,426941,0
database_Foundry376_Mailspring,315913,7
database_fragglet_c-algorithms,7194,0
database_FreeRADIUS_freeradius-server,329562,12
database_FreeRDP_FreeRDP,8373,1
database_FreeRDP_Remmina,45642,0
database_gdabah_distorm,12038,0
database_ggerganov_ggml,86129,0
database_ggerganov_ggwave,67115,0
database_gabime_spdlog,23189,7
database_ggerganov_whisper.cpp,143665,0
database_git_git,292134,1
database_fukuchi_libqrencode,11780,4
database_giltene_wrk2,65188,3
database_gigablast_open-source-search-engine,389903,2
database_gflags_gflags,4379,0
database_geany_geany,236530,4
database_gildor2_UEViewer,210236,1
database_git-for-windows_git,301755,1
database_Frommi_miniz_oxide,13234,0
database_ggerganov_llama.cpp,135613,0
database_ggreer_the_silver_searcher,5085,0
database_Genymobile_scrcpy,18795,0
database_gnea_grbl,6034,0
database_glfw_glfw,70181,1
database_Gnucash_gnucash,287640,4
database_gnuradio_gnuradio,205023,2
database_gojue_ecapture,198,2
database_godotengine_godot,2300944,213
database_google_benchmark,12621,0
database_GoogleChromeLabs_webm-wasm,356,0
database_google_bloaty,645909,0
database_google_draco,527008,0
database_google_cpu_features,8815,1
database_google_guetzli,8029,0
database_google_googletest,54850,0
database_google_flatbuffers,86205,2
database_google_ios-webkit-debug-proxy,7541,0
database_google_libphonenumber,24523,0
database_google_nsjail,23449,0
database_google-deepmind_labmaze,2247,0
database_google_re2,28356,0
database_google_leveldb,87048,0
database_google_robotstxt,1436,0
database_google_oboe,45007,0
database_google-deepmind_mujoco,93994,5
database_google_glog,6856,0
database_google_orbit,482080,4
database_google_sentencepiece,61020,0
database_google_snappy,70634,0
database_google_zopfli,10506,0
database_GothenburgBitFactory_taskwarrior,50279,4
database_gosu_gosu,89793,2
database_gozfree_gear-lib,106406,0
database_grafana_pyroscope,1997,0
database_GrahamDumpleton_mod_wsgi,15404,0
database_greatscottgadgets_ubertooth,27454,0
database_gperftools_gperftools,84230,2
database_gqrx-sdr_gqrx,26206,0
database_grpc_grpc,3799657,9
database_g-truc_glm,64669,0
database_gpac_gpac,657790,1
database_greenbone_openvas-scanner,347,0
database_Groestlcoin_groestlcoin,233771,0
database_grbl_grbl,4438,0
database_h2o_h2o,258398,6
database_greenplum-db_gpdb,1425764,30
database_griddb_griddb,502767,222
database_guillaumechereau_goxel,166546,1
database_guillaumeblanc_ozz-animation,107199,4
database_grame-cncm_faust,417912,0
database_guanzhi_GmSSL,78226,0
database_haad_proxychains,1522,0
database_hacksysteam_HackSysExtremeVulnerableDriver,5834,0
database_Haivision_srt,44349,0
database_hajimes_mmh3,7625,0
database_hannorein_rebound,29569,0
database_HardySimpson_zlog,7811,0
database_heitzmann_gdstk,33166,0
database_harfbuzz_harfbuzz,128633,8
database_hathach_tinyusb,777,0
database_hashcat_hashcat,268822,0
database_htop-dev_htop,0,1
database_hoffstadt_DearPyGui,817095,4
database_HIT-SCIR_pyltp,208568,2
database_huangz1990_annotated_redis_source,59010,0
database_hyperion-project_hyperion.ng,40884,7
database_hyprwm_Hyprland,32557,0
database_huangz1990_redis-3.0-annotated,69172,0
database_hrydgard_ppsspp,2491170,18
database_HumbleUI_JWM,10752,0
database_huihut_interview,2438,0
database_i3_i3,30335,3
database_hzeller_rpi-rgb-led-matrix,23314,0
database_Hopson97_MineCraft-One-Week-Challenge,47081,0
database_IanHarvey_bluepy,25708,0
database_idea4good_GuiLite,8489,0
database_icholy_ttygif,547,0
database_ICRAR_crc32c,888,0
database_ideawu_icomet,50978,0
database_idealvin_coost,41141,0
database_ideawu_ssdb,65191,0
database_ifduyue_python-xxhash,10845,0
database_intel_intel-cmt-cat,50796,0
database_indygreg_python-zstandard,8010,12
database_inspektor-gadget_inspektor-gadget,8170,0
database_ImageMagick_ImageMagick,15840,0
database_inotify-tools_inotify-tools,4326,0
database_IntelRealSense_librealsense,339822,3
database_introlab_rtabmap,228350,0
database_intel_pcm,29635,4
database_ireader_media-server,19979,0
database_ish-app_ish,190996,1
database_InteractiveComputerGraphics_PositionBasedDynamics,222348,0
database_IoLanguage_io,41560,2
database_intel_hyperscan,185751,2
database_irssi_irssi,64310,0
database_irungentoo_toxcore,31044,1
database_iovisor_bcc,153538,0
database_ioquake_ioq3,423562,32
database_ithewei_libhv,56581,0
database_jackaudio_jack2,72821,0
database_ivmai_bdwgc,505,2
database_JACoders_OpenJK,953668,19
database_jakogut_tinyvm,1193,0
database_JakubVojvoda_design-patterns-cpp,1567,0
database_jarro2783_cxxopts,17473,0
database_jedisct1_libsodium,0,0
database_jbeder_yaml-cpp,77766,0
database_jdah_minecraft-weekend,117691,2
database_jgaeddert_liquid-dsp,114120,0
database_joan2937_pigpio,18194,0
database_jgarff_rpi_ws281x,2582,0
database_jedisct1_dsvpn,1496,0
database_jemalloc_jemalloc,65207,4
database_joeferner_node-java,2819,0
database_JoeyDeVries_LearnOpenGL,124653,0
database_jarun_nnn,68,0
database_jmpews_Dobby,18288,0
database_JonathanSalwan_Triton,104008,0
database_jnwatson_py-lmdb,11920,0
database_jerryscript-project_jerryscript,122170,33
database_jonas_tig,19784,0
database_jonashaag_bjoern,5304,0
database_joncampbell123_dosbox-x,1418758,2034
database_jonls_redshift,4361,0
database_jorisvink_kore,28002,0
database_jpd002_Play-,570465,17
database_JoshMarler_react-juce,1099040,9
database_jperkin_node-rpio,2483,0
database_jqlang_jq,123836,0
database_json-c_json-c,9626,0
database_jsommers_pytricia,1784,0
database_jpmens_jo,1966,0
database_juce-framework_JUCE,637821,0
database_karpathy_llama2.c,1659,0
database_jrouwe_JoltPhysics,100734,2
database_KDE_ghostwriter,42755,0
database_keepassxreboot_keepassxc,77232,0
database_JSBSim-Team_jsbsim,44065,21
database_kahypar_kahypar,56322,0
database_karalabe_hid,28583,0
database_Kautenja_nes-py,1865,0
database_kamailio_kamailio,26673,21
database_kelektiv_node.bcrypt.js,1082,0
database_kbarbary_sep,4692,0
database_keystone-engine_keystone,105243,0
database_khizmax_libcds,142419,0
database_KhronosGroup_glslang,99161,0
database_KhronosGroup_OpenXR-SDK,31366,0
database_KhronosGroup_Vulkan-Hpp,489795,0
database_Kitware_CMake,711035,31
database_KhronosGroup_Vulkan-Samples,1343108,19
database_Kitware_VTK,3566718,172
database_Klipper3d_klipper,726904,0
database_Kobzol_hardware-effects,897,0
database_knolleary_pubsubclient,2497,0
database_krallin_tini,619,0
database_kohler_gifsicle,15547,0
database_kokke_tiny-AES-c,677,0
database_landley_toybox,56034,1
database_larsimmisch_pyalsaaudio,2644,0
database_KomputeProject_kompute,6730,22
database_kpu_kenlm,33684,0
database_laruence_yaf,11602,0
database_lammps_lammps,989458,9
database_ledger_ledger,38934,0
database_lava_matplotlib-cpp,2607,0
database_lbryio_lbrycrd,148321,9
database_lc-soft_LCUI,44802,4
database_lballabio_QuantLib,301757,6
database_LeelaChessZero_lc0,48772,0
database_leethomason_tinyxml2,5812,0
database_Legrandin_pycryptodome,103,0
database_lericson_pylibmc,2398,0
database_lh3_minimap2,110169,0
database_letmaik_pyvirtualcam,84788,0
database_libarchive_libarchive,41,2
database_libevent_libevent,66754,1
database_libcpr_cpr,13794,3
database_libffi_libffi,39376,0
database_libfuse_libfuse,24486,2
database_libnano_primer3-py,24155,0
database_libfuse_sshfs,4846,0
database_libratbag_libratbag,29486,0
database_libretro_RetroArch,1574490,14
database_LibreSprite_LibreSprite,164440,3
database_libuv_libuv,74282,0
database_libjpeg-turbo_libjpeg-turbo,62865,19
database_libusb_libusb,26487,0
database_libgit2_libgit2,0,1
database_LibreCAD_LibreCAD,109829,0
database_libsdl-org_SDL,368100,7
database_lief-project_LIEF,104741,4
database_libvips_libvips,148447,2
database_lightvector_KataGo,125454,0
database_linux-test-project_ltp,436292,21
database_linyacool_WebServer,11946,0
database_littlefs-project_littlefs,10394,0
database_LLNL_zfp,39846,2
database_liuliu_ccv,403915,8
database_LizardByte_Sunshine,33400,0
database_love2d_love,408556,1
database_lmdu_pyfastx,4829,0
database_lpereira_lwan,27567,0
database_LuaJIT_LuaJIT,72954,3
database_LongSoft_UEFITool,16077,0
database_ludlows_PESQ,3147,11
database_luben_zstd-jni,45031,16
database_lua_lua,22416,0
database_ludwigschwardt_python-gnureadline,6271,1
database_lsalzman_enet,4858,0
database_lz4_lz4,18733,0
database_luau-lang_luau,183777,125
database_luxonis_depthai-python,40446,18
database_lvgl_lvgl,295746,0
database_luigirizzo_netmap,52949,1
database_madler_zlib,30025,0
database_MagicStack_immutables,3616,0
database_mamedev_mame,5731637,48
database_lxc_lxc,69221,8
database_mapbox_mapnik-vector-tile,22710,0
database_mapbox_protozero,20597,0
database_mapbox_tippecanoe,31746,0
database_mapeditor_tiled,99315,0
database_maplibre_maplibre-native,1136262,4
database_martanne_vis,23208,0
database_marcobambini_gravity,19550,0
database_mapnik_node-mapnik,45614,0
database_Martinsos_edlib,2009,1
database_matz_streem,10001,0
database_mapnik_mapnik,190912,2
database_martinezjavier_ldd3,7541,1
database_MaskRay_ccls,97802,0
database_mavlink_qgroundcontrol,851483,0
database_mawww_kakoune,32233,0
database_Marco-Sulla_python-frozendict,34521,0
database_Maximus5_ConEmu,326468,23
database_meetecho_janus-gateway,89122,0
database_medooze_media-server-node,219439,0
database_Mbed-TLS_mbedtls,151124,123
database_meganz_sdk,161970,0
database_memcached_memcached,34552,0
database_merbanan_rtl_433,56175,0
database_Meituan-Dianping_SQLAdvisor,234355,2
database_metacall_core,61474,11
database_mgba-emu_mgba,273429,10
database_MicrochipTech_cryptoauthlib,80612,0
database_microsoft_BlingFire,109608,0
database_microsoft_bond,137065,0
database_microsoft_Detours,77744,0
database_microsoft_GSL,3565,0
database_microsoft_CCF,178400,314
database_microsoft_cppwinrt,62059,0
database_microsoft_LightGBM,496863,5
database_microsoft_mimalloc,12643,0
database_microsoft_cpprestsdk,146148,0
database_microsoft_onnxruntime,1402097,4
database_microsoft_node-native-keymap,1801,0
database_microsoft_ebpf-for-windows,410079,443
database_microsoft_SEAL,49155,11
database_microsoft_SPTAG,116968,11
database_microsoft_msix-packaging,587477,0
database_microsoft_msquic,83871,0
database_microsoft_jericho,35226,23
database_microsoft_verona,4536,9
database_microsoft_Windows-driver-samples,293806,2102
database_microsoft_WSL2-Linux-Kernel,19299657,62
database_MidnightCommander_mc,102003,2
database_miek_inspectrum,2793,0
database_mikebrady_shairport-sync,32764,0
database_mit-nlp_MITIE,303112,0
database_mit-pdos_xv6-public,7299,1
database_mit-pdos_xv6-riscv,8450,1
database_mmp_pbrt-v3,264706,9
database_mivion_swisseph,36249,0
database_ml-explore_mlx,50177,0
database_mobile-shell_mosh,10894,0
database_mongodb_libmongocrypt,54137,4
database_mkleehammer_pyodbc,7107,0
database_monero-project_monero,408279,1
database_MSeifert04_iteration_utilities,12646,0
database_mopemope_meinheld,7958,6
database_mozilla_mozjpeg,61216,6
database_mosquito_caio,1637,0
database_msoos_cryptominisat,64572,0
database_Motion-Project_motion,26743,0
database_mscdex_cpu-features,8354,1
database_mruby_mruby,62353,1
database_MultiMC_Launcher,85666,2
database_msteinbeck_tinyspline,2302,0
database_MTG_essentia,122161,0
database_mumble-voip_mumble,302897,0
database_namhyung_uftrace,49185,2
database_murat-dogan_node-datachannel,3063,0
database_nanocurrency_nano-node,5053856,68
database_nanomsg_nanomsg,0,0
database_nanomsg_nng,74530,0
database_nanopb_nanopb,189,0
database_nasa_fprime,67614,0
database_nem0_LumixEngine,115257,33
database_naturalatlas_node-gdal,1176036,61
database_nelhage_reptyr,2651,0
database_netblue30_firejail,0,1
database_networkit_networkit,167258,0
database_NatronGitHub_Natron,606186,546
database_nesbox_TIC-80,825810,216
database_netdata_netdata,168656,17
database_Neargye_magic_enum,19385,0
database_Netflix_dynomite,26296,0
database_neutralinojs_neutralinojs,154376,0
database_neutrinolabs_xrdp,107104,0
database_netty_netty-tcnative,0,0
database_newrelic_node-native-metrics,6834,0
database_nextcloud_desktop,198739,0
database_nghttp2_nghttp2,173342,0
database_nginx_njs,104628,0
database_nicolasff_webdis,0,0
database_nginx_unit,83415,1
database_ninia_jep,11490,0
database_ninja-build_ninja,19890,0
database_NixOS_patchelf,5582,0
database_nlohmann_json,96877,0
database_nmap_nmap,272416,1
database_ntop_nDPI,2124,1
database_nmslib_nmslib,30261,0
database_NREL_EnergyPlus,2602329,29
database_NVIDIA_open-gpu-kernel-modules,1088033,71
database_nmslib_hnswlib,4809,0
database_nmathewson_libevent_obsolete,55885,1
database_nRF24_RF24,9706,0
database_nodejs_node-addon-api,7211,0
database_ntop_n2n,75597,1
database_oatpp_oatpp,32864,0
database_ntop_PF_RING,528284,2
database_OAID_Tengine,106055,0
database_oceanbase_oceanbase,2871350,12
database_official-stockfish_Stockfish,5627,0
database_OGRECave_ogre,363085,0
database_obs-ndi_obs-ndi,1950,0
database_OISF_suricata,0,1
database_olikraus_u8g2,753035,0
database_oneapi-src_oneDNN,921977,552
database_oneapi-src_oneTBB,131263,0
database_open62541_open62541,2067,140
database_openai_atari-py,31008,0
database_openai_triton,19547,0
database_openai_retro,925463,163
database_openalpr_openalpr,50847,0
database_openfheorg_openfhe-development,214135,0
database_OpenMathLib_OpenBLAS,2043418,772
database_opencv_opencv,1351423,225
database_OpenKinect_libfreenect,17018,0
database_openenclave_openenclave,129418,21
database_OpenMined_TenSEAL,8973,11
database_OpenAtomFoundation_pika,94068,37
database_openMVG_openMVG,426774,0
database_OpenPrinting_cups,8199,0
database_openscad_openscad,111773,0
database_OpenRCT2_OpenRCT2,545533,7
database_openrazer_openrazer,12903,0
database_open-source-parsers_jsoncpp,9953,0
database_OpenSC_OpenSC,304,1
database_openssh_openssh-portable,122271,4
database_open-telemetry_opentelemetry-dotnet-instrumentation,177973,0
database_openthread_openthread,157110,0
database_OpenTTD_OpenTTD,230971,698
database_openucx_ucx,231953,4
database_openvenues_libpostal,52045,0
database_OpenVPN_openvpn,100468,1
database_openvswitch_ovs,312130,22
database_OpenXcom_OpenXcom,117760,0
database_OSGeo_gdal,1059686,61
database_OpenXRay_xray-16,1426582,9
database_openwall_john,327496,42
database_orangeduck_Cello,14364,0
database_openzfs_zfs,0,217
database_oracle_python-cx_Oracle,49977,0
database_ossec_ossec-hids,604,0
database_otland_forgottenserver,55349,50
database_ostreedev_ostree,77136,0
database_osqzss_gps-sdr-sim,4346,0
database_ossrs_srs,670102,0
database_OtterBrowser_otter-browser,109493,0
database_Overv_VulkanTutorial,22598,0
database_PaddlePaddle_FastDeploy,500968,0
database_ouster-lidar_ouster_example,25023,0
database_owasp-modsecurity_ModSecurity,66435,1
database_panda3d_panda3d,594040,0
database_pangweiwei_slua,16779,0
database_pantor_ruckig,37242,0
database_ParallelSSH_ssh2-python,159190,0
database_patrikhuber_eos,324548,0
database_patriciogonzalezvivo_glslViewer,272992,2
database_pbek_QOwnNotes,191917,0
database_pbatard_rufus,0,15
database_PCSX2_pcsx2,551415,0
database_Paxa_fast_excel,32896,0
database_pellepl_spiffs,0,0
database_pbrady_fastcache,1007,0
database_pganalyze_pg_query_go,136105,1
database_phpredis_phpredis,0,1
database_PeculiarVentures_pkcs11js,6357,0
database_P-H-C_phc-winner-argon2,3373,0
database_pistacheio_pistache,34035,0
database_pierreinglebert_node-zopfli,9874,0
database_plasma-umass_coz,11405,0
database_pjreddie_darknet,28638,0
database_pitrou_pickle5-backport,9513,0
database_pmed_v8pp,5339,0
database_pnggroup_libpng,58467,10
database_pmneila_PyMCubes,734,16
database_pocoproject_poco,256047,25
database_polm_fugashi,330,0
database_postgres_postgres,996258,9
database_potassco_clingo,329064,2506
database_pqrs-org_Karabiner-Elements,501740,0
database_PowerDNS_pdns,201727,2
database_project-chip_connectedhomeip,1164907,7
database_projectchrono_chrono,663248,6
database_project-gemmi_gemmi,48087,0
database_projectM-visualizer_projectm,83047,0
database_prusa3d_Prusa-Firmware,97078,0
database_pybind_pybind11,24661,2
database_protobuf-c_protobuf-c,8931,1
database_Project-OSRM_osrm-backend,309167,4
database_protocolbuffers_protobuf,600394,2
database_PurpleI2P_i2pd,54283,0
database_psycopg_psycopg2,14529,0
database_pygame_pygame,100484,536
database_pyca_pynacl,44591,735
database_pygobject_pycairo,8873,0
database_pyrogram_tgcrypto,818,0
database_pymumu_smartdns,42801,0
database_python-greenlet_greenlet,4849,16
database_pyranges_ncls,18464,0
database_python-lz4_python-lz4,9127,0
database_pytorch_cpuinfo,296655,0
database_pytorch_FBGEMM,667400,0
database_pytries_DAWG,48638,0
database_qbittorrent_qBittorrent,55552,0
database_pytroll_aggdraw,58449,0
database_qulacs_qulacs,39158,0
database_qinguoyi_TinyWebServer,2724,0
database_qpdf_qpdf,61904,0
database_quantumlib_qsim,79101,16
database_quickfix_quickfix,620416,0
database_quickjs-zh_QuickJS,28683,2
database_quantumlib_Stim,78896,19
database_randombit_botan,128327,0
database_raspberrypi_linux,20616671,65
database_qemu_qemu,7707120,1449
database_rapid7_mettle,21822,6
database_radareorg_radare2,63,23
database_rathena_rathena,271664,0
database_Qv2ray_Qv2ray,151719,4
database_raysan5_raylib,0,35
database_RediSearch_RediSearch,299568,2607
database_rbfx_rbfx,2468056,190
database_rbock_sqlpp11,29989,0
database_redis_hiredis,9733,0
database_redis_redis,407,6
database_rethinkdb_rethinkdb,168334,1
database_Restream_reindexer,167075,5
database_RfidResearchGroup_proxmark3,2195,2
database_rhash_RHash,19977,1
database_rism-digital_verovio,165702,0
database_rofl0r_proxychains-ng,3644,0
database_rordenlab_dcm2niix,30411,0
database_rizinorg_cutter,729601,42
database_rui314_8cc,9685,0
database_rizsotto_Bear,9169,0
database_romgrk_node-gtk,9202,0
database_RoaringBitmap_croaring-rs,18474,0
database_Rob--_memoryjs,1954,0
database_rr-debugger_rr,119350,0
database_robertdavidgraham_masscan,41775,0
database_rui314_chibicc,9379,0
database_rui314_mold,303915,0
database_roy-ht_editdistance,3093,0
database_Rust-for-Linux_linux,21628111,61
database_rust-fuzz_libfuzzer,9924,0
database_rxi_microui,2503,0
database_s3fs-fuse_s3fs-fuse,21618,0
database_saghul_pyuv,44570,0
database_saitoha_libsixel,28043,0
database_samtools_htslib,81719,2
database_SamuraiT_mecab-python3,0,0
database_samyk_pwnat,2391,0
database_sandboxie-plus_Sandboxie,103202,17
database_satori-com_tcpkali,38099,0
database_scummvm_scummvm,3916549,32
database_SanderMertens_flecs,314060,2
database_SchedMD_slurm,498188,3
database_sergey-dryabzhinsky_python-zstd,89095,12
database_sass_libsass,31681,13
database_schwehr_libais,71023,0
database_SergiusTheBest_plog,14257,0
database_seclab-ucr_INTANG,9771,0
database_seladb_PcapPlusPlus,71259,0
database_schoolpost_PiDNG,1138,0
database_scylladb_seastar,1898688,110
database_session-replay-tools_tcpcopy,8181,0
database_seung-lab_connected-components-3d,1535,0
database_Serial-Studio_Serial-Studio,180360,50
database_seung-lab_euclidean-distance-transform-3d,1811,0
database_SFML_SFML,96797,0
database_shadowsocks_ChinaDNS,1026,0
database_shaka-project_shaka-packager,2335524,92
database_ShadowsocksR-Live_shadowsocksr-native,411445,0
database_shadowsocks_shadowsocks-libev,33848,0
database_ShiqiYu_libfacedetection,1600,0
database_shellphish_how2heap,13677,0
database_siemens_jailhouse,44239,0
database_simongog_sdsl-lite,106238,0
database_Sigil-Ebook_Sigil,243133,2
database_simdjson_simdjson,54756,0
database_SmingHub_Sming,110592,1
database_slembcke_Chipmunk2D,29759,1
database_simbody_simbody,267872,6
database_Smorodov_Multitarget-tracker,106620,0
database_sleuthkit_sleuthkit,99643,0
database_skywind3000_kcp,1598,0
database_Snapchat_KeyDB,691012,0
database_smihica_pyminizip,23565,0
database_skeeto_endlessh,729,0
database_snowballstem_snowball,15305,0
database_SINGROUP_dscribe,220037,18
database_snap-stanford_snap,218451,0
database_socketio_socket.io-client-cpp,184523,0
database_SoftEtherVPN_SoftEtherVPN,298908,0
database_Softmotions_ejdb,19874,1
database_sphinxsearch_sphinx,133423,0
database_sqlite_sqlite,291735,5
database_sogou_workflow,42920,0
database_sqlcipher_sqlcipher,291090,5
database_sqlitebrowser_sqlitebrowser,89957,0
database_squeaky-pl_japronto,4668,0
database_stanfordnlp_GloVe,1229,0
database_ssloy_tinyrenderer,669,0
database_srdja_Collections-C,15927,0
database_Stellarium_stellarium,192820,0
database_srsran_srsRAN_4G,353488,0
database_stlink-org_stlink,0,0
database_stephane_libmodbus,5453,0
database_StereoKit_StereoKit,111548,127
database_storpipfugl_pykdtree,8742,11
database_strukturag_libheif,49625,0
database_stellar_stellar-core,853781,4
database_stub42_pytz,7656,0
database_strongswan_strongswan,0,14
database_strukturag_libde265,41266,16
database_subsurface_subsurface,57519,0
database_sumatrapdfreader_sumatrapdf,1052430,46
database_sustrik_libmill,14035,0
database_swig_swig,86778,0
database_swoole_swoole-src,144842,33
database_symless_synergy-core,64912,1
database_Syllo_nvtop,11602,3
database_Sysinternals_ProcDump-for-Linux,33810,0
database_sysown_proxysql,132157,19
database_sysstat_sysstat,0,3
database_szad670401_HyperLPR,17407,31
database_tboox_tbox,86338,9
database_systemd_systemd,0,10
database_systemd_python-systemd,2346,0
database_Tencent_mars,672301,4
database_taskflow_taskflow,441223,0
database_taosdata_TDengine,390063,147
database_Tencent_ncnn,279429,0
database_tdlib_telegram-bot-api,293561,4
database_teeworlds_teeworlds,84485,2
database_TelegramMessenger_MTProxy,22658,4
database_tdlib_td,277581,4
database_Tencent_puerts,305024,1
database_Tencent_phxqueue,19967,0
database_Tencent_phxrpc,8895,0
database_Tencent_rapidjson,93287,18
database_Tencent_TNN,423389,0
database_Tencent_xLua,247201,0
database_TheAlgorithms_C,0,0
database_terralang_terra,12664,4
database_tesseract-ocr_tesseract,113569,2
database_thedmd_imgui-node-editor,60883,0
database_TheAlgorithms_C-Plus-Plus,30053,0
database_ThePhD_sol2,45081,0
database_The-Powder-Toy_The-Powder-Toy,75582,0
database_tianocore_edk2,10148,121
database_TheWover_donut,12443,0
database_the-tcpdump-group_tcpdump,85539,4
database_ThrowTheSwitch_Unity,15607,0
database_the-tcpdump-group_libpcap,44429,1
database_TigerVNC_tigervnc,63886,0
database_Tieske_rpi-gpio,2367,0
database_tmate-io_tmate,38419,0
database_tinyobjloader_tinyobjloader,16116,0
database_TokTok_c-toxcore,79763,5
database_timescale_timescaledb,81950,0
database_tinyproxy_tinyproxy,6358,0
database_tmux_tmux,68578,0
database_ton-blockchain_ton,1182768,1
database_tonybaloney_Pyjion,1995356,0
database_torvalds_linux,21634492,61
database_trailofbits_pe-parse,5632,0
database_tree-sitter_py-tree-sitter,28524,0
database_transmission_transmission,228916,11
database_traviscross_mtr,10486,0
database_tree-sitter_tree-sitter-html,3234,0
database_trapexit_mergerfs,33709,8
database_trilogy-libraries_trilogy,0,0
database_trojan-gfw_trojan,2815,0
database_tsl0922_ttyd,1793,0
database_twitter_twemproxy,15251,0
database_turanszkij_WickedEngine,595163,12
database_twitter-forks_mysql,1214258,8
database_tstack_lnav,252549,86
database_tvheadend_tvheadend,0,1820
database_u-boot_u-boot,2198086,10
database_ultrajson_ultrajson,23792,0
database_uber_h3,17209,0
database_UB-Mannheim_tesseract,158909,2
database_umlaeute_v4l2loopback,6435,0
database_uncrustify_uncrustify,115631,0
database_unbit_uwsgi,93371,4
database_uNetworking_uWebSockets,3391,0
database_uNetworking_uWebSockets.js,371827,12
database_universal-ctags_ctags,173012,4
database_USCiLab_cereal,31708,8
database_upx_upx,30330,0
database_unicorn-engine_unicorn,346231,377
database_util-linux_util-linux,0,0
database_vaibhavpandeyvpz_apkstudio,6037,0
database_ValveSoftware_GameNetworkingSockets,911428,0
database_ValveSoftware_openvr,90478,0
database_vanhauser-thc_thc-hydra,23175,0
database_valyala_gozstd,92452,12
database_veandco_go-sdl2,36141,0
database_versatica_mediasoup,53162,11
database_varnishcache_varnish-cache,110432,1
database_VirusTotal_yara-python,71204,1
database_vapoursynth_vapoursynth,47312,1
database_VirusTotal_yara,68576,1
database_veracrypt_VeraCrypt,178209,0
database_vmprof_vmprof-python,10002,0
database_VowpalWabbit_vowpal_wabbit,79669,5
database_Vita3K_Vita3K,2128707,0
database_visit1985_mdp,1925,0
database_vstakhov_libucl,17291,0
database_wangyu-_tinyfecVPN,12911,0
database_wangyu-_udp2raw,18692,0
database_wangyu-_UDPspeeder,12098,0
database_warmcat_libwebsockets,281926,0
database_wasm3_wasm3,22883,2
database_Warzone2100_warzone2100,449185,9
database_WebAssembly_wabt,705110,0
database_WasmEdge_WasmEdge,87999,5
database_weechat_weechat,259699,7
database_weidai11_cryptopp,109387,6
database_werman_noise-suppression-for-voice,638009,8
database_wesnoth_wesnoth,234810,0
database_WerWolv_ImHex,291634,84
database_wifiphisher_roguehostapd,218619,0
database_wg_wrk,4726,7
database_willemt_raft,6782,0
database_wheybags_freeablo,1014351,34
database_westes_flex,25,0
database_Wind4_vlmcsd,16601,0
database_WiringPi_WiringPi,13708,1
database_wiire-a_pixiewps,13713,0
database_WinMerge_winmerge,535336,21
database_wiredtiger_wiredtiger,190002,1
database_wisdompeak_LeetCode,61406,0
database_wiseman_py-webrtcvad,4262,0
database_wjakob_nanobind,17809,1
database_wjwwood_serial,3233,0
database_WojciechMula_pyahocorasick,4819,0
database_wxWidgets_wxWidgets,1345950,0
database_wolfpld_tracy,199537,2
database_wwmm_easyeffects,26372,0
database_wolfSSL_wolfssl,473221,0
database_Xaymar_obs-StreamFX,435737,0
database_Xfennec_progress,1113,0
database_Xilinx_linux-xlnx,20573851,58
database_XiaoMi_mace,425704,0
database_xioTechnologies_Fusion,1659,0
database_xmlsec_python-xmlsec,3952,0
database_xoreaxeaxeax_movfuscator,13982,11
database_xournalpp_xournalpp,59795,0
database_xmrig_xmrig,164362,637
database_xiph_rnnoise,13787,0
database_xrootd_xrootd,242729,0
database_xtacocorex_CHIP_IO,4535,0
database_YannickJadoul_Parselmouth,727956,24
database_yarrick_pingfs,1386,0
database_xroche_httrack,50093,0
database_yanyiwu_cppjieba,42424,0
database_yarrick_iodine,8590,0
database_yedf2_handy,4852,0
database_yitter_IdGenerator,1668,0
database_YosysHQ_yosys,140137,0
database_yyzybb537_libgo,352533,0
database_yrutschle_sslh,10738,4
database_Z3Prover_z3,497188,2
database_zeroc-ice_ice,383099,0
database_zealdocs_zeal,6370,0
database_zeromq_czmq,46250,0
database_zerotier_ZeroTierOne,241682,0
database_zeromq_libzmq,61547,0
database_zeux_meshoptimizer,23365,0
database_zlgopen_awtk,88522,50
database_zhaojh329_rtty,3859,0
database_zeux_pugixml,25675,0
database_zserge_jsmn,972,0
database_zmap_zmap,13930,0
database_znc_znc,87724,14
database_zrax_pycdc,8111,0
database_ZLMediaKit_ZLMediaKit,41888,0
database_Zuzu-Typ_PyGLM,115702,0
database_zxing-cpp_zxing-cpp,26403,3
database_zyantific_zydis,26275,0
