database_2shou_TextGrocery,3939,14
database_4paradigm_OpenMLDB,256470,0
database_86Box_86Box,41376,6501
database_abandonware_node-bluetooth-hci-socket,749,38
database_abishekvashok_cmatrix,748,0
database_abseil_abseil-cpp,164992,531
database_AcademySoftwareFoundation_MaterialX,380786,1870
database_AcademySoftwareFoundation_openvdb,305136,20844
database_acassen_keepalived,67738,230
database_acidanthera_Lilu,104271,25
database_acl-dev_acl,517371,1415
database_actor-framework_actor-framework,117204,978
database_adafruit_adafruit-beaglebone-io-python,4318,1
database_AdAway_AdAway,0,1228
database_adobe-type-tools_afdko,14221,2610
database_AFLplusplus_AFLplusplus,15157,2076
database_agl_curve25519-donna,1236,0
database_agronholm_cbor2,5026,28
database_AGWA_git-crypt,3457,20
database_aircrack-ng_aircrack-ng,32,628
database_aircrack-ng_rtl8812au,356048,556
database_AirenSoft_OvenMediaEngine,148508,1907
database_akheron_jansson,8655,16
database_akopytov_sysbench,111751,450
database_aksnzhy_xlearn,64752,109
database_alandefreitas_matplotplusplus,48324,1860
database_alanxz_rabbitmq-c,0,158
database_albfan_miraclecast,21137,286
database_aleaxit_gmpy,34680,912
database_alecthomas_entityx,17012,240
database_AlexandreRouma_SDRPlusPlus,120060,2266
database_AlexeyAB_darknet,48393,423
database_alibaba_AliSQL,2374413,37920
database_alibaba_ilogtail,97778,1
database_alibaba_MNN,1005353,942
database_alibaba_tengine,249328,1711
database_alibaba_tsar,6661,378
database_Alinshans_MyTinySTL,17627,208
database_allinurl_goaccess,26409,431
database_amhndu_SimpleNES,3382,61
database_amitdev_lru-dict,674,1
database_ammarahm-ed_react-native-mmkv-storage,9244,63
database_ampl_gsl,460058,4012
database_analogdevicesinc_libiio,27564,417
database_antirez_disque,51178,898
database_antirez_kilo,1146,26
database_antirez_linenoise,998,11
database_antirez_sds,1142,0
database_apache_brpc,201274,3912
database_apache_commons-daemon,0,4
database_apache_guacamole-server,34851,304
database_apache_thrift,125152,2841
database_apache_trafficserver,323990,5020
database_apitrace_apitrace,441294,1309
database_aria2_aria2,124270,1165
database_aristocratos_btop,27715,657
database_ARMmbed_mbed-os,5042930,952
database_ARM-software_arm-trusted-firmware,418355,0
database_arrayfire_arrayfire,171707,2027
database_ArthurSonzogni_FTXUI,24470,241
database_arvidn_libtorrent,181691,9505
database_asb2m10_dexed,828847,12881
database_aseprite_aseprite,1205262,10159
database_asmjit_asmjit,82326,459
database_assimp_assimp,350360,5554
database_astrorigin_pyswisseph,82660,415
database_async-profiler_async-profiler,15828,2
database_aubio_aubio,21739,37
database_audacity_audacity,472548,
database_avast_retdec,386784,
database_aws_s2n-tls,116844,1735
database_axboe_fio,82027,1875
database_axboe_liburing,40862,227
database_Axosoft_nsfw,2377,52
database_Azure_azure-c-shared-utility,227303,84
database_Azure_azure-iot-sdk-c,2060879,888
database_Azure_azure-umqtt-c,364087,117
database_b4winckler_macvim,332615,176287
database_badaix_snapcast,50238,565
database_baidu_Familia,2310,3442
database_baidu_sofa-pbrpc,38176,1617
database_bakwc_JamSpell,16361,256
database_balena-io-modules_drivelist,860,37
database_balloonwj_flamingo,168932,160
database_bartobri_no-more-secrets,945,6
database_baskerville_bspwm,12294,62
database_bblanchon_ArduinoJson,37830,737
database_BeamMW_beam,1131394,
database_beanstalkd_beanstalkd,7522,183
database_Beep6581_RawTherapee,221285,5856
database_bellard_quickjs,27920,870
database_benhoyt_inih,808,30
database_Benjamin-Dobell_Heimdall,7090,112
database_BespokeSynth_BespokeSynth,1004609,13224
database_biometrics_openbr,202727,1146
database_Bitcoin-ABC_bitcoin-abc,226735,5444
database_bitcoin_bitcoin,230708,4377
database_bitcoin-core_secp256k1,22193,156
database_bitdefender_bddisasm,42430,4
database_blackmagic-debug_blackmagic,112700,12
database_blechschmidt_massdns,6179,358
database_bombela_backward-cpp,3759,60
database_boschmitt_tweedledum,298173,1785
database_bpftrace_bpftrace,34090,2028
database_brainflow-dev_brainflow,235214,288
database_brandon-rhodes_pyephem,77575,133
database_brndnmtthws_conky,45254,206
database_bruderstein_nppPluginManager,48202,995
database_bulletphysics_bullet3,681276,5150
database_bytecodealliance_wasm-micro-runtime,169288,194
database_BYVoid_OpenCC,112755,454
database_canboat_canboat,21826,131
database_capnproto_capnproto,150931,6719
database_capstone-engine_capstone,173494,37
database_casadi_casadi,185446,1989
database_catchorg_Catch2,51812,221
database_cboxdoerfer_fsearch,17040,330
database_celery_librabbitmq,2323,479
database_cesanta_mongoose,189,60
database_CGAL_cgal-swig-bindings,9108,
database_ChaiScript_ChaiScript,30513,421
database_Chia-Network_bls-signatures,4168,420
database_Chia-Network_chiavdf,13957,302
database_Chlumsky_msdfgen,40835,685
database_cilium_proxy,12355,0
database_cisco_openh264,97868,9565
database_Cisco-Talos_clamav,27441,3245
database_citusdata_citus,0,702
database_civetweb_civetweb,8985,
database_ckb-next_ckb-next,33420,485
database_clangen_musikcube,368056,22577
database_CleverRaven_Cataclysm-DDA,573719,110428
database_clibs_clib,20564,140
database_CloudCompare_CloudCompare,419892,6354
database_cloudflare_golz4,1573,283
database_cloudius-systems_osv,609072,8248
database_cloudwu_coroutine,226,6
database_cmderdev_cmder,644,23
database_cmus_cmus,39751,332
database_cmusphinx_pocketsphinx,57858,1205
database_cnjinhao_nana,71600,462
database_cnr-isti-vclab_meshlab,420120,
database_cnr-isti-vclab_PyMeshLab,435924,
database_cockpit-project_cockpit,71584,129
database_coleifer_pysqlite3,4950,10
database_collectd_collectd,479945,1207
database_concurrencykit_ck,33036,67
database_conda_pycosat,7353,187
database_confluentinc_librdkafka,138753,3124
database_containers_conmon,3326,9
database_coreutils_coreutils,561377,803
database_coronalabs_corona,1832341,
database_cosinekitty_astronomy,44027,62
database_coturn_coturn,0,2622
database_crawshaw_sqlite,2375,23932
database_cs50_libcs50,322,0
database_csound_csound,218806,39304
database_cstack_db_tutorial,773,0
database_cuberite_cuberite,546920,
database_curl_curl,167,1181
database_cvangysel_pytrec_eval,8944,207
database_cvxgrp_scs,10033,35
database_Cyan4973_xxHash,9596,20
database_cyberbotics_webots,422837,5116
database_dachev_node-cld,70662,31
database_dainis_node-gcstats,177,34
database_danielkrupinski_Osiris,8450,46
database_danmar_cppcheck,234925,1363
database_dannagle_PacketSender,10323,234
database_davatorium_rofi,0,5413
database_DaveGamble_cJSON,10122,131
database_davidmoreno_onion,18092,100
database_davidrmiller_biosim4,3277,1443
database_davisking_dlib,413541,2432
database_dcantrell_pyparted,7453,3
database_deepmodeling_deepmd-kit,67138,3365
database_dfranx_SHADERed,597306,28841
database_dgiese_dustcloud,10083,84
database_dialkforkaushik_DECAGT,97692,319
database_diasurgical_devilutionX,118348,26570
database_dlundquist_sniproxy,5561,21
database_DmitryUlyanov_Multicore-TSNE,882,111
database_dmlc_decord,25672,190
database_dmlc_treelite,8790,241
database_dmlc_xgboost,82991,1531
database_doceme_py-spidev,1264,0
database_doctest_doctest,14204,1023
database_doitsujin_dxvk,279782,1520
database_domoticz_domoticz,216551,880
database_dotnet_diagnostics,242077,197
database_douban_greenify,812,54
database_douban_libmc,6083,110
database_dresden-elektronik_deconz-rest-plugin,94055,30730
database_drogonframework_drogon,65072,1040
database_ducha-aiki_pydegensac,19740,455
database_duckdb_duckdb,801772,28828
database_dunst-project_dunst,18405,64
database_dvarrazzo_py-setproctitle,934,3
database_DynamoRIO_drmemory,842365,18715
database_DynamoRIO_dynamorio,678144,19139
database_easysnmp_easysnmp,3718,57
database_eclipse_mosquitto,52423,961
database_eclipse_mraa,3825,361
database_eclipse-threadx_threadx,2534,124
database_edenhill_kcat,4023,1718
database_eerimoq_bitstruct,2649,0
database_eggert_tz,7658,80
database_EmbeddedRPC_erpc,56463,183
database_embree_embree,197206,18018
database_emcrisostomo_fswatch,4898,167
database_emscripten-core_emscripten,1057713,3
database_endless-sky_endless-sky,79396,1754
database_envoyproxy_envoy,824921,10600
database_epfml_sent2vec,3576,73
database_ericniebler_range-v3,77060,67
database_erincatto_box2d,79281,1541
database_esheldon_fitsio,121230,6612
database_esnet_iperf,14291,120
database_espeak-ng_espeak-ng,45535,483
database_espruino_Espruino,650162,902
database_Esri_lerc,8918,2893
database_EtchedPixels_FUZIX,386775,2
database_eteran_edb-debugger,59458,765
database_ethereum_ethash,16093,1
database_ethereum_evmc,11184,72
database_ethereum_serpent,4756,58
database_Ettercap_ettercap,0,4149
database_exaloop_codon,37733,5112
database_EZLippi_Tinyhttpd,410,0
database_EZLippi_WebBench,393,0
database_facebook_hermes,428504,6992
database_facebookincubator_katran,20201,21061
database_facebook_pyre2,906,33
database_facebook_redex,288268,8667
database_facebookresearch_nle,315241,101423
database_facebook_rocksdb,486668,5777
database_facebook_yoga,59156,219
database_facebook_zstd,93166,571
database_facontidavide_PlotJuggler,109783,2323
database_fairy-stockfish_Fairy-Stockfish,21923,602
database_falcosecurity_falco,11567,4235
database_fancycode_pylzma,23565,45
database_Farama-Foundation_Arcade-Learning-Environment,29623,595
database_Farama-Foundation_ViZDoom,393748,13779
database_farbrausch_fr_public,760859,28
database_FeralInteractive_gamemode,5287,40
database_FFmpeg_FFmpeg,1293815,43906
database_fibjs_fibjs,2682634,
database_file_file,17975,404
database_flameshot-org_flameshot,27152,
database_flatpak_flatpak,0,
database_flier_pyfasthash,141413,826
database_FLIF-hub_FLIF,32774,422
database_fltk_fltk,261825,14522
database_fluent_fluent-bit,973883,31665
database_fmtlib_fmt,47593,262
database_fogleman_Craft,88545,12708
database_fontforge_fontforge,426941,14467
database_fonttools_unicodedata2,16052,0
database_Foundry376_Mailspring,315913,50252
database_fragglet_c-algorithms,7194,154
database_FreeRADIUS_freeradius-server,329562,3573
database_FreeRDP_FreeRDP,8373,1864
database_FreeRDP_Remmina,45642,80
database_Frommi_miniz_oxide,13234,3
database_fukuchi_libqrencode,11780,1
database_gabime_spdlog,23189,136
database_gdabah_distorm,12038,165
database_geany_geany,236530,1608
database_Genymobile_scrcpy,18795,48
database_gflags_gflags,4379,80
database_ggerganov_ggml,86129,1461
database_ggerganov_ggwave,67115,1569
database_ggerganov_llama.cpp,135613,2550
database_ggerganov_whisper.cpp,143665,1006
database_ggreer_the_silver_searcher,5085,27
database_gigablast_open-source-search-engine,389903,16797
database_gildor2_UEViewer,210236,5112
database_giltene_wrk2,65188,398
database_git-for-windows_git,301755,4843
database_git_git,292134,4880
database_glfw_glfw,70181,510
database_gnea_grbl,6034,0
database_Gnucash_gnucash,287640,3832
database_gnuradio_gnuradio,205023,916
database_godotengine_godot,2300944,
database_gojue_ecapture,198,531
database_google_benchmark,12621,0
database_google_bloaty,645909,466
database_GoogleChromeLabs_webm-wasm,356,1431
database_google_cpu_features,8815,156
database_google-deepmind_labmaze,2247,0
database_google-deepmind_mujoco,93994,9331
database_google_draco,527008,524
database_google_flatbuffers,86205,1265
database_google_glog,6856,390
database_google_googletest,54850,134
database_google_guetzli,8029,140
database_google_ios-webkit-debug-proxy,7541,98
database_google_leveldb,87048,383
database_google_libphonenumber,24523,236
database_google_nsjail,23449,686
database_google_oboe,45007,274
database_google_orbit,482080,4178
database_google_re2,28356,633
database_google_robotstxt,1436,275
database_google_sentencepiece,61020,720
database_google_snappy,70634,261
database_google_zopfli,10506,1851
database_gosu_gosu,89793,1953
database_GothenburgBitFactory_taskwarrior,50279,26436
database_gozfree_gear-lib,106406,222
database_gpac_gpac,657790,19373
database_gperftools_gperftools,84230,478
database_gqrx-sdr_gqrx,26206,539
database_grafana_pyroscope,1997,45
database_GrahamDumpleton_mod_wsgi,15404,113
database_grame-cncm_faust,417912,580
database_grbl_grbl,4438,0
database_greatscottgadgets_ubertooth,27454,2
database_greenbone_openvas-scanner,347,338
database_greenplum-db_gpdb,1425764,
database_griddb_griddb,502767,25943
database_Groestlcoin_groestlcoin,233771,3716
database_grpc_grpc,3799657,9992
database_g-truc_glm,64669,152
database_guanzhi_GmSSL,78226,2736
database_guillaumeblanc_ozz-animation,107199,949
database_guillaumechereau_goxel,166546,3845
database_h2o_h2o,258398,5629
database_haad_proxychains,1522,3
database_hacksysteam_HackSysExtremeVulnerableDriver,5834,76
database_Haivision_srt,44349,510
database_hajimes_mmh3,7625,0
database_hannorein_rebound,29569,217
database_HardySimpson_zlog,7811,22
database_harfbuzz_harfbuzz,128633,3542
database_hashcat_hashcat,268822,1405
database_hathach_tinyusb,777,4336
database_heitzmann_gdstk,33166,1439
database_HIT-SCIR_pyltp,208568,1245
database_hoffstadt_DearPyGui,817095,3796
database_Hopson97_MineCraft-One-Week-Challenge,47081,89
database_hrydgard_ppsspp,2491170,33709
database_htop-dev_htop,0,276
database_huangz1990_annotated_redis_source,59010,1519
database_huangz1990_redis-3.0-annotated,69172,1809
database_huihut_interview,2438,32
database_HumbleUI_JWM,10752,55
database_hyperion-project_hyperion.ng,40884,5016
database_hyprwm_Hyprland,32557,152
database_hzeller_rpi-rgb-led-matrix,23314,54
database_i3_i3,30335,3646
database_IanHarvey_bluepy,25708,65
database_icholy_ttygif,547,1
database_ICRAR_crc32c,888,4
database_idea4good_GuiLite,8489,12
database_idealvin_coost,41141,399
database_ideawu_icomet,50978,1309
database_ideawu_ssdb,65191,515
database_ifduyue_python-xxhash,10845,0
database_ImageMagick_ImageMagick,15840,225883
database_indygreg_python-zstandard,8010,271
database_inotify-tools_inotify-tools,4326,74
database_inspektor-gadget_inspektor-gadget,8170,1
database_intel_hyperscan,185751,3442
database_intel_intel-cmt-cat,50796,90
database_intel_pcm,29635,976
database_IntelRealSense_librealsense,339822,2638
database_InteractiveComputerGraphics_PositionBasedDynamics,222348,2379
database_introlab_rtabmap,228350,2283
database_IoLanguage_io,41560,128
database_ioquake_ioq3,423562,8949
database_iovisor_bcc,153538,1235
database_ireader_media-server,19979,597
database_irssi_irssi,64310,1057
database_irungentoo_toxcore,31044,256
database_ish-app_ish,190996,318
database_ithewei_libhv,56581,594
database_ivmai_bdwgc,505,1200
database_jackaudio_jack2,72821,336
database_JACoders_OpenJK,953668,159321
database_jakogut_tinyvm,1193,32
database_JakubVojvoda_design-patterns-cpp,1567,32
database_jarro2783_cxxopts,17473,479
database_jarun_nnn,68,39
database_jbeder_yaml-cpp,77766,81
database_jdah_minecraft-weekend,117691,1249
database_jedisct1_dsvpn,1496,5
database_jedisct1_libsodium,0,43
database_jemalloc_jemalloc,65207,1256
database_jerryscript-project_jerryscript,122170,885
database_jgaeddert_liquid-dsp,114120,63
database_jgarff_rpi_ws281x,2582,14
database_jmpews_Dobby,18288,39
database_jnwatson_py-lmdb,11920,251
database_joan2937_pigpio,18194,11
database_joeferner_node-java,2819,39
database_JoeyDeVries_LearnOpenGL,124653,70
database_jonashaag_bjoern,5304,6
database_jonas_tig,19784,553
database_JonathanSalwan_Triton,104008,561
database_joncampbell123_dosbox-x,1418758,18970
database_jonls_redshift,4361,38
database_jorisvink_kore,28002,210
database_JoshMarler_react-juce,1099040,10795
database_jpd002_Play-,570465,1675
database_jperkin_node-rpio,2483,35
database_jpmens_jo,1966,43
database_jqlang_jq,123836,393
database_jrouwe_JoltPhysics,100734,1440
database_JSBSim-Team_jsbsim,44065,1942
database_jsommers_pytricia,1784,6
database_json-c_json-c,9626,116
database_juce-framework_JUCE,637821,60
database_kahypar_kahypar,56322,820
database_kamailio_kamailio,26673,10029
database_karalabe_hid,28583,7
database_karpathy_llama2.c,1659,5
database_Kautenja_nes-py,1865,71
database_kbarbary_sep,4692,19
database_KDE_ghostwriter,42755,1348
database_keepassxreboot_keepassxc,77232,1031
database_kelektiv_node.bcrypt.js,1082,38
database_keystone-engine_keystone,105243,1214
database_khizmax_libcds,142419,43
database_KhronosGroup_glslang,99161,28828
database_KhronosGroup_OpenXR-SDK,31366,151
database_KhronosGroup_Vulkan-Hpp,489795,160
database_KhronosGroup_Vulkan-Samples,1343108,34631
database_Kitware_CMake,711035,10607
database_Kitware_VTK,3566718,
database_Klipper3d_klipper,726904,1
database_knolleary_pubsubclient,2497,32
database_Kobzol_hardware-effects,897,36
database_kohler_gifsicle,15547,463
database_kokke_tiny-AES-c,677,35
database_KomputeProject_kompute,6730,884
database_kpu_kenlm,33684,898
database_krallin_tini,619,7
database_lammps_lammps,989458,47110
database_landley_toybox,56034,484
database_larsimmisch_pyalsaaudio,2644,15
database_laruence_yaf,11602,80
database_lava_matplotlib-cpp,2607,33
database_lballabio_QuantLib,301757,3590
database_lbryio_lbrycrd,148321,31652
database_lc-soft_LCUI,44802,349
database_ledger_ledger,38934,1286
database_LeelaChessZero_lc0,48772,39255
database_leethomason_tinyxml2,5812,43
database_Legrandin_pycryptodome,103,165
database_lericson_pylibmc,2398,44
database_letmaik_pyvirtualcam,84788,0
database_lh3_minimap2,110169,555
database_libarchive_libarchive,41,2462
database_libcpr_cpr,13794,651
database_libevent_libevent,66754,998
database_libffi_libffi,39376,222
database_libfuse_libfuse,24486,354
database_libfuse_sshfs,4846,31
database_libgit2_libgit2,0,3662
database_libjpeg-turbo_libjpeg-turbo,62865,1678
database_libnano_primer3-py,24155,480
database_libratbag_libratbag,29486,1839
database_LibreCAD_LibreCAD,109829,2089
database_LibreSprite_LibreSprite,164440,1481
database_libretro_RetroArch,1574490,55987
database_libsdl-org_SDL,368100,974
database_libusb_libusb,26487,30
database_libuv_libuv,74282,1126
database_libvips_libvips,148447,29712
database_lief-project_LIEF,104741,3578
database_lightvector_KataGo,125454,715
database_linux-test-project_ltp,436292,698
database_linyacool_WebServer,11946,83
database_littlefs-project_littlefs,10394,3
database_liuliu_ccv,403915,27429
database_LizardByte_Sunshine,33400,1286
database_LLNL_zfp,39846,362
database_lmdu_pyfastx,4829,52
database_LongSoft_UEFITool,16077,302
database_love2d_love,408556,33172
database_lpereira_lwan,27567,159
database_lsalzman_enet,4858,111
database_LuaJIT_LuaJIT,72954,321
database_lua_lua,22416,149
database_luau-lang_luau,183777,2652
database_luben_zstd-jni,45031,648
database_ludlows_PESQ,3147,101
database_ludwigschwardt_python-gnureadline,6271,182
database_luigirizzo_netmap,52949,4309
database_luxonis_depthai-python,40446,1424
database_lvgl_lvgl,295746,3
database_lxc_lxc,69221,513
database_lz4_lz4,18733,522
database_madler_zlib,30025,34
database_MagicStack_immutables,3616,155
database_mamedev_mame,5731637,
database_mapbox_mapnik-vector-tile,22710,1267
database_mapbox_protozero,20597,291
database_mapbox_tippecanoe,31746,1069
database_mapeditor_tiled,99315,2339
database_maplibre_maplibre-native,1136262,22130
database_mapnik_mapnik,190912,4962
database_mapnik_node-mapnik,45614,1423
database_marcobambini_gravity,19550,7453
database_Marco-Sulla_python-frozendict,34521,45
database_martanne_vis,23208,152
database_martinezjavier_ldd3,7541,130
database_Martinsos_edlib,2009,112
database_MaskRay_ccls,97802,880
database_matz_streem,10001,83
database_mavlink_qgroundcontrol,851483,0
database_mawww_kakoune,32233,529
database_Maximus5_ConEmu,326468,4236
database_Mbed-TLS_mbedtls,151124,4971
database_medooze_media-server-node,219439,860
database_meetecho_janus-gateway,89122,331
database_meganz_sdk,161970,1515
database_Meituan-Dianping_SQLAdvisor,234355,896
database_memcached_memcached,34552,1170
database_merbanan_rtl_433,56175,259
database_metacall_core,61474,469
database_mgba-emu_mgba,273429,1456
database_MicrochipTech_cryptoauthlib,80612,58
database_microsoft_BlingFire,109608,430
database_microsoft_bond,137065,196
database_microsoft_CCF,178400,7975
database_microsoft_cpprestsdk,146148,9279
database_microsoft_cppwinrt,62059,159
database_microsoft_Detours,77744,503
database_microsoft_ebpf-for-windows,410079,4068
database_microsoft_GSL,3565,96
database_microsoft_jericho,35226,35
database_microsoft_LightGBM,496863,946
database_microsoft_mimalloc,12643,223
database_microsoft_msix-packaging,587477,20992
database_microsoft_msquic,83871,1076
database_microsoft_node-native-keymap,1801,46
database_microsoft_onnxruntime,1402097,7102
database_microsoft_SEAL,49155,341
database_microsoft_SPTAG,116968,1268
database_microsoft_verona,4536,823
database_microsoft_Windows-driver-samples,293806,7418
database_microsoft_WSL2-Linux-Kernel,19299657,
database_MidnightCommander_mc,102003,451
database_miek_inspectrum,2793,390
database_mikebrady_shairport-sync,32764,66
database_mit-nlp_MITIE,303112,495
database_mit-pdos_xv6-public,7299,87
database_mit-pdos_xv6-riscv,8450,86
database_mivion_swisseph,36249,389
database_mkleehammer_pyodbc,7107,1435
database_ml-explore_mlx,50177,715
database_mmp_pbrt-v3,264706,3794
database_mobile-shell_mosh,10894,141
database_monero-project_monero,408279,4885
database_mongodb_libmongocrypt,54137,392
database_mopemope_meinheld,7958,369
database_mosquito_caio,1637,3
database_Motion-Project_motion,26743,2048
database_mozilla_mozjpeg,61216,923
database_mruby_mruby,62353,1899
database_mscdex_cpu-features,8354,156
database_MSeifert04_iteration_utilities,12646,37
database_msoos_cryptominisat,64572,622
database_msteinbeck_tinyspline,2302,431
database_MTG_essentia,122161,367
database_MultiMC_Launcher,85666,1316
database_mumble-voip_mumble,302897,1999
database_murat-dogan_node-datachannel,3063,0
database_namhyung_uftrace,49185,1217
database_nanocurrency_nano-node,5053856,9503
database_nanomsg_nanomsg,0,1162
database_nanomsg_nng,74530,622
database_nanopb_nanopb,189,5
database_nasa_fprime,67614,1270
database_NatronGitHub_Natron,606186,4401
database_naturalatlas_node-gdal,1176036,
database_Neargye_magic_enum,19385,270
database_nelhage_reptyr,2651,0
database_nem0_LumixEngine,115257,5888
database_nesbox_TIC-80,825810,
database_netblue30_firejail,0,26
database_netdata_netdata,168656,
database_Netflix_dynomite,26296,768
database_netty_netty-tcnative,0,27
database_networkit_networkit,167258,981
database_neutralinojs_neutralinojs,154376,389
database_neutrinolabs_xrdp,107104,186
database_newrelic_node-native-metrics,6834,34
database_nextcloud_desktop,198739,2056
database_nghttp2_nghttp2,173342,4925
database_nginx_njs,104628,187
database_nginx_unit,83415,279
database_nicolasff_webdis,0,72
database_ninia_jep,11490,8
database_ninja-build_ninja,19890,153
database_NixOS_patchelf,5582,152
database_nlohmann_json,96877,970
database_nmap_nmap,272416,624
database_nmathewson_libevent_obsolete,55885,893
database_nmslib_hnswlib,4809,152
database_nmslib_nmslib,30261,335
database_nodejs_node-addon-api,7211,227
database_NREL_EnergyPlus,2602329,
database_nRF24_RF24,9706,0
database_ntop_n2n,75597,1918
database_ntop_nDPI,2124,1527
database_ntop_PF_RING,528284,4118
database_NVIDIA_open-gpu-kernel-modules,1088033,31871
database_OAID_Tengine,106055,515
database_oatpp_oatpp,32864,604
database_obs-ndi_obs-ndi,1950,81
database_oceanbase_oceanbase,2871350,
database_official-stockfish_Stockfish,5627,417
database_OGRECave_ogre,363085,60691
database_OISF_suricata,0,3458
database_olikraus_u8g2,753035,0
database_oneapi-src_oneDNN,921977,12247
database_oneapi-src_oneTBB,131263,25245
database_open62541_open62541,2067,1307
database_openai_atari-py,31008,452
database_openai_retro,925463,3722
database_openai_triton,19547,438
database_openalpr_openalpr,50847,1298
database_OpenAtomFoundation_pika,94068,23561
database_opencv_opencv,1351423,
database_openenclave_openenclave,129418,54615
database_openfheorg_openfhe-development,214135,1604
database_OpenKinect_libfreenect,17018,145
database_OpenMathLib_OpenBLAS,2043418,1652
database_OpenMined_TenSEAL,8973,696
database_openMVG_openMVG,426774,59572
database_OpenPrinting_cups,8199,5320
database_openrazer_openrazer,12903,83
database_OpenRCT2_OpenRCT2,545533,10363
database_openscad_openscad,111773,11683
database_OpenSC_OpenSC,304,1521
database_open-source-parsers_jsoncpp,9953,1284
database_openssh_openssh-portable,122271,2094
database_open-telemetry_opentelemetry-dotnet-instrumentation,177973,0
database_openthread_openthread,157110,3722
database_OpenTTD_OpenTTD,230971,4605
database_openucx_ucx,231953,2951
database_openvenues_libpostal,52045,549
database_OpenVPN_openvpn,100468,569
database_openvswitch_ovs,312130,2627
database_openwall_john,327496,6433
database_OpenXcom_OpenXcom,117760,2133
database_OpenXRay_xray-16,1426582,17148
database_openzfs_zfs,0,12044
database_oracle_python-cx_Oracle,49977,1353
database_orangeduck_Cello,14364,22
database_OSGeo_gdal,1059686,8532
database_osqzss_gps-sdr-sim,4346,84
database_ossec_ossec-hids,604,49
database_ossrs_srs,670102,414
database_ostreedev_ostree,77136,912
database_otland_forgottenserver,55349,2120
database_OtterBrowser_otter-browser,109493,1101
database_ouster-lidar_ouster_example,25023,423
database_Overv_VulkanTutorial,22598,160
database_owasp-modsecurity_ModSecurity,66435,302
database_PaddlePaddle_FastDeploy,500968,2254
database_panda3d_panda3d,594040,15555
database_pangweiwei_slua,16779,41
database_pantor_ruckig,37242,840
database_ParallelSSH_ssh2-python,159190,1176
database_patriciogonzalezvivo_glslViewer,272992,1209
database_patrikhuber_eos,324548,369
database_Paxa_fast_excel,32896,928
database_pbatard_rufus,0,264
database_pbek_QOwnNotes,191917,1729
database_pbrady_fastcache,1007,7
database_PCSX2_pcsx2,551415,0
database_PeculiarVentures_pkcs11js,6357,37
database_pellepl_spiffs,0,149
database_pganalyze_pg_query_go,136105,76480
database_P-H-C_phc-winner-argon2,3373,1
database_phpredis_phpredis,0,402
database_pierreinglebert_node-zopfli,9874,1663
database_pistacheio_pistache,34035,417
database_pitrou_pickle5-backport,9513,130
database_pjreddie_darknet,28638,354
database_plasma-umass_coz,11405,91
database_pmed_v8pp,5339,52
database_pmneila_PyMCubes,734,139
database_pnggroup_libpng,58467,756
database_pocoproject_poco,256047,23120
database_polm_fugashi,330,99
database_postgres_postgres,996258,
database_potassco_clingo,329064,3171
database_PowerDNS_pdns,201727,7026
database_pqrs-org_Karabiner-Elements,501740,0
database_project-chip_connectedhomeip,1164907,33485
database_projectchrono_chrono,663248,3446
database_project-gemmi_gemmi,48087,1162
database_projectM-visualizer_projectm,83047,738
database_Project-OSRM_osrm-backend,309167,3092
database_protobuf-c_protobuf-c,8931,172
database_protocolbuffers_protobuf,600394,3518
database_prusa3d_Prusa-Firmware,97078,207
database_psycopg_psycopg2,14529,74
database_PurpleI2P_i2pd,54283,709
database_pybind_pybind11,24661,983
database_pyca_pynacl,44591,114
database_pygame_pygame,100484,1277
database_pygobject_pycairo,8873,5
database_pymumu_smartdns,42801,396
database_pyranges_ncls,18464,986
database_pyrogram_tgcrypto,818,0
database_python-greenlet_greenlet,4849,37
database_python-lz4_python-lz4,9127,372
database_pytorch_cpuinfo,296655,185
database_pytorch_FBGEMM,667400,675
database_pytries_DAWG,48638,462
database_pytroll_aggdraw,58449,77
database_qbittorrent_qBittorrent,55552,331
database_qemu_qemu,7707120,
database_qinguoyi_TinyWebServer,2724,79
database_qpdf_qpdf,61904,713
database_quantumlib_qsim,79101,277
database_quantumlib_Stim,78896,515
database_quickfix_quickfix,620416,435
database_quickjs-zh_QuickJS,28683,858
database_qulacs_qulacs,39158,400
database_Qv2ray_Qv2ray,151719,1808
database_radareorg_radare2,63,
database_randombit_botan,128327,55
database_rapid7_mettle,21822,3742
database_raspberrypi_linux,20616671,53838
database_rathena_rathena,271664,29203
database_raysan5_raylib,0,1608
database_rbfx_rbfx,2468056,
database_rbock_sqlpp11,29989,67
database_RediSearch_RediSearch,299568,2056
database_redis_hiredis,9733,54
database_redis_redis,407,5201
database_Restream_reindexer,167075,6284
database_rethinkdb_rethinkdb,168334,3086
database_RfidResearchGroup_proxmark3,2195,2982
database_rhash_RHash,19977,61
database_rism-digital_verovio,165702,
database_rizinorg_cutter,729601,5665
database_rizsotto_Bear,9169,420
database_RoaringBitmap_croaring-rs,18474,943
database_robertdavidgraham_masscan,41775,293
database_Rob--_memoryjs,1954,0
database_rofl0r_proxychains-ng,3644,6
database_romgrk_node-gtk,9202,34
database_rordenlab_dcm2niix,30411,669
database_roy-ht_editdistance,3093,13
database_rr-debugger_rr,119350,1929
database_rui314_8cc,9685,159
database_rui314_chibicc,9379,429
database_rui314_mold,303915,
database_Rust-for-Linux_linux,21628111,37153
database_rust-fuzz_libfuzzer,9924,0
database_rxi_microui,2503,28
database_s3fs-fuse_s3fs-fuse,21618,103
database_saghul_pyuv,44570,820
database_saitoha_libsixel,28043,9372
database_samtools_htslib,81719,3819
database_SamuraiT_mecab-python3,0,199
database_samyk_pwnat,2391,59
database_sandboxie-plus_Sandboxie,103202,5171
database_SanderMertens_flecs,314060,959
database_sass_libsass,31681,366
database_satori-com_tcpkali,38099,428
database_SchedMD_slurm,498188,19457
database_schoolpost_PiDNG,1138,17
database_schwehr_libais,71023,53
database_scummvm_scummvm,3916549,142523
database_scylladb_seastar,1898688,3388
database_seclab-ucr_INTANG,9771,11
database_seladb_PcapPlusPlus,71259,596
database_sergey-dryabzhinsky_python-zstd,89095,120
database_SergiusTheBest_plog,14257,83
database_Serial-Studio_Serial-Studio,180360,290
database_session-replay-tools_tcpcopy,8181,39
database_seung-lab_connected-components-3d,1535,32
database_seung-lab_euclidean-distance-transform-3d,1811,37
database_SFML_SFML,96797,382
database_shadowsocks_ChinaDNS,1026,13
database_ShadowsocksR-Live_shadowsocksr-native,411445,1535
database_shadowsocks_shadowsocks-libev,33848,125
database_shaka-project_shaka-packager,2335524,11934
database_shellphish_how2heap,13677,45
database_ShiqiYu_libfacedetection,1600,97
database_siemens_jailhouse,44239,0
database_Sigil-Ebook_Sigil,243133,1862
database_simbody_simbody,267872,2610
database_simdjson_simdjson,54756,701
database_simongog_sdsl-lite,106238,179
database_SINGROUP_dscribe,220037,265
database_skeeto_endlessh,729,0
database_skywind3000_kcp,1598,0
database_slembcke_Chipmunk2D,29759,152
database_sleuthkit_sleuthkit,99643,566
database_smihica_pyminizip,23565,51
database_SmingHub_Sming,110592,346
database_Smorodov_Multitarget-tracker,106620,346
database_Snapchat_KeyDB,691012,4112
database_snap-stanford_snap,218451,5039
database_snowballstem_snowball,15305,32
database_socketio_socket.io-client-cpp,184523,290
database_SoftEtherVPN_SoftEtherVPN,298908,1842
database_Softmotions_ejdb,19874,1373
database_sogou_workflow,42920,793
database_sphinxsearch_sphinx,133423,4938
database_sqlcipher_sqlcipher,291090,44244
database_sqlitebrowser_sqlitebrowser,89957,1433
database_sqlite_sqlite,291735,44539
database_squeaky-pl_japronto,4668,17
database_srdja_Collections-C,15927,284
database_srsran_srsRAN_4G,353488,21008
database_ssloy_tinyrenderer,669,38
database_stanfordnlp_GloVe,1229,6
database_Stellarium_stellarium,192820,5670
database_stellar_stellar-core,853781,32075
database_stephane_libmodbus,5453,0
database_StereoKit_StereoKit,111548,1722
database_stlink-org_stlink,0,13
database_storpipfugl_pykdtree,8742,61
database_strongswan_strongswan,0,36480
database_strukturag_libde265,41266,304
database_strukturag_libheif,49625,439
database_stub42_pytz,7656,80
database_subsurface_subsurface,57519,2438
database_sumatrapdfreader_sumatrapdf,1052430,8253
database_sustrik_libmill,14035,260
database_swig_swig,86778,355
database_swoole_swoole-src,144842,1179
database_Syllo_nvtop,11602,169
database_symless_synergy-core,64912,1459
database_Sysinternals_ProcDump-for-Linux,33810,565
database_sysown_proxysql,132157,68150
database_sysstat_sysstat,0,742
database_systemd_python-systemd,2346,21
database_systemd_systemd,0,34107
database_szad670401_HyperLPR,17407,932
database_taosdata_TDengine,390063,20307
database_taskflow_taskflow,441223,13208
database_tboox_tbox,86338,96
database_tdlib_td,277581,
database_tdlib_telegram-bot-api,293561,
database_teeworlds_teeworlds,84485,1251
database_TelegramMessenger_MTProxy,22658,458
database_Tencent_mars,672301,1021
database_Tencent_ncnn,279429,6931
database_Tencent_phxqueue,19967,4875
database_Tencent_phxrpc,8895,1869
database_Tencent_puerts,305024,437
database_Tencent_rapidjson,93287,2381
database_Tencent_TNN,423389,378
database_Tencent_xLua,247201,94
database_terralang_terra,12664,756
database_tesseract-ocr_tesseract,113569,2686
database_TheAlgorithms_C-Plus-Plus,30053,300
database_TheAlgorithms_C,0,204
database_thedmd_imgui-node-editor,60883,1813
database_ThePhD_sol2,45081,90
database_The-Powder-Toy_The-Powder-Toy,75582,7211
database_the-tcpdump-group_libpcap,44429,568
database_the-tcpdump-group_tcpdump,85539,112
database_TheWover_donut,12443,0
database_ThrowTheSwitch_Unity,15607,0
database_tianocore_edk2,10148,8496
database_Tieske_rpi-gpio,2367,0
database_TigerVNC_tigervnc,63886,316
database_timescale_timescaledb,81950,429
database_tinyobjloader_tinyobjloader,16116,65
database_tinyproxy_tinyproxy,6358,186
database_tmate-io_tmate,38419,291
database_tmux_tmux,68578,716
database_TokTok_c-toxcore,79763,553
database_ton-blockchain_ton,1182768,11948
database_tonybaloney_Pyjion,1995356,314
database_torvalds_linux,21634492,37111
database_trailofbits_pe-parse,5632,43
database_transmission_transmission,228916,654
database_trapexit_mergerfs,33709,321
database_traviscross_mtr,10486,27
database_tree-sitter_py-tree-sitter,28524,143
database_tree-sitter_tree-sitter-html,3234,0
database_trilogy-libraries_trilogy,0,4
database_trojan-gfw_trojan,2815,175
database_tsl0922_ttyd,1793,1
database_tstack_lnav,252549,3496
database_turanszkij_WickedEngine,595163,44237
database_tvheadend_tvheadend,0,34591
database_twitter-forks_mysql,1214258,24615
database_twitter_twemproxy,15251,165
database_uber_h3,17209,47
database_UB-Mannheim_tesseract,158909,2413
database_u-boot_u-boot,2198086,15683
database_ultrajson_ultrajson,23792,82
database_umlaeute_v4l2loopback,6435,78
database_unbit_uwsgi,93371,441
database_uncrustify_uncrustify,115631,491
database_uNetworking_uWebSockets.js,371827,7953
database_uNetworking_uWebSockets,3391,356
database_unicorn-engine_unicorn,346231,3146
database_universal-ctags_ctags,173012,1157
database_upx_upx,30330,307
database_USCiLab_cereal,31708,3206
database_util-linux_util-linux,0,1954
database_vaibhavpandeyvpz_apkstudio,6037,151
database_ValveSoftware_GameNetworkingSockets,911428,1462
database_ValveSoftware_openvr,90478,199
database_valyala_gozstd,92452,137
database_vanhauser-thc_thc-hydra,23175,232
database_vapoursynth_vapoursynth,47312,1262
database_varnishcache_varnish-cache,110432,3295
database_veandco_go-sdl2,36141,1
database_veracrypt_VeraCrypt,178209,239
database_versatica_mediasoup,53162,27764
database_VirusTotal_yara-python,71204,4925
database_VirusTotal_yara,68576,4923
database_visit1985_mdp,1925,0
database_Vita3K_Vita3K,2128707,1
database_vmprof_vmprof-python,10002,228
database_VowpalWabbit_vowpal_wabbit,79669,3804
database_vstakhov_libucl,17291,545
database_wangyu-_tinyfecVPN,12911,344
database_wangyu-_udp2raw,18692,313
database_wangyu-_UDPspeeder,12098,342
database_warmcat_libwebsockets,281926,4523
database_Warzone2100_warzone2100,449185,5561
database_wasm3_wasm3,22883,1013
database_WasmEdge_WasmEdge,87999,809
database_WebAssembly_wabt,705110,797
database_weechat_weechat,259699,8478
database_weidai11_cryptopp,109387,1735
database_werman_noise-suppression-for-voice,638009,10091
database_WerWolv_ImHex,291634,11055
database_wesnoth_wesnoth,234810,5142
database_westes_flex,25,618
database_wg_wrk,4726,18548
database_wheybags_freeablo,1014351,2187
database_wifiphisher_roguehostapd,218619,0
database_wiire-a_pixiewps,13713,0
database_willemt_raft,6782,23
database_Wind4_vlmcsd,16601,42
database_WinMerge_winmerge,535336,5708
database_wiredtiger_wiredtiger,190002,18909
database_WiringPi_WiringPi,13708,17
database_wisdompeak_LeetCode,61406,104
database_wiseman_py-webrtcvad,4262,30
database_wjakob_nanobind,17809,827
database_wjwwood_serial,3233,39
database_WojciechMula_pyahocorasick,4819,9
database_wolfpld_tracy,199537,742
database_wolfSSL_wolfssl,473221,4124
database_wwmm_easyeffects,26372,5
database_wxWidgets_wxWidgets,1345950,5471
database_Xaymar_obs-StreamFX,435737,175
database_Xfennec_progress,1113,115
database_XiaoMi_mace,425704,2149
database_Xilinx_linux-xlnx,20573851,53744
database_xioTechnologies_Fusion,1659,0
database_xiph_rnnoise,13787,1
database_xmlsec_python-xmlsec,3952,3
database_xmrig_xmrig,164362,2530
database_xoreaxeaxeax_movfuscator,13982,985
database_xournalpp_xournalpp,59795,500
database_xroche_httrack,50093,675
database_xrootd_xrootd,242729,3576
database_xtacocorex_CHIP_IO,4535,10
database_YannickJadoul_Parselmouth,727956,10111
database_yanyiwu_cppjieba,42424,153
database_yarrick_iodine,8590,47
database_yarrick_pingfs,1386,17
database_yedf2_handy,4852,63
database_yitter_IdGenerator,1668,70
database_YosysHQ_yosys,140137,72
database_yrutschle_sslh,10738,117
database_yyzybb537_libgo,352533,43
database_Z3Prover_z3,497188,19422
database_zealdocs_zeal,6370,396
database_zeroc-ice_ice,383099,4051
database_zeromq_czmq,46250,610
database_zeromq_libzmq,61547,4184
database_zerotier_ZeroTierOne,241682,301
database_zeux_meshoptimizer,23365,207
database_zeux_pugixml,25675,413
database_zhaojh329_rtty,3859,0
database_zlgopen_awtk,88522,7208
database_ZLMediaKit_ZLMediaKit,41888,1371
database_zmap_zmap,13930,104
database_znc_znc,87724,18909
database_zrax_pycdc,8111,64
database_zserge_jsmn,972,0
database_Zuzu-Typ_PyGLM,115702,119
database_zxing-cpp_zxing-cpp,26403,541
database_zyantific_zydis,26275,67
